step	reward	grounding	calibration	temporal	concise	mean_length_tokens	kl	grad_norm
25	2.2203	0.7581	0.8279	0.4472	0.8447	346.1600	0.0003	0.3790
50	2.1833	0.7392	0.8106	0.3961	0.8602	371.8150	0.0010	0.2862
75	2.1330	0.7104	0.8096	0.3255	0.8534	375.3300	0.0029	0.2788
100	2.2758	0.7746	0.8544	0.4193	0.9120	360.9950	0.0066	0.2917
125	2.3082	0.7768	0.8620	0.4337	0.9471	389.6300	0.0111	0.4427
150	2.3317	0.7804	0.8656	0.4587	0.9686	358.2950	0.0162	0.3004
175	2.3140	0.7637	0.8662	0.4816	0.9520	339.3350	0.0181	0.2599
200	2.3469	0.7820	0.8895	0.4859	0.9584	321.3750	0.0192	0.2377
225	2.3146	0.7505	0.8890	0.4474	0.9778	322.2550	0.0208	0.4848
250	2.3267	0.7783	0.8743	0.4445	0.9610	358.8750	0.0196	0.2269
275	2.3312	0.7672	0.8896	0.4700	0.9697	326.3600	0.0216	0.2248
300	2.3298	0.7597	0.8663	0.4774	0.9873	300.9000	0.0215	0.2293
325	2.3747	0.8175	0.8906	0.4443	0.9658	334.5850	0.0242	0.2262
350	2.3438	0.7730	0.8682	0.5198	0.9756	311.0950	0.0225	0.2253
375	2.3402	0.7885	0.8788	0.4159	0.9783	343.7150	0.0229	0.2545
400	2.3399	0.7722	0.8797	0.4580	0.9839	358.5500	0.0247	0.3317
